filename,duration,distance,average heart rate,average pace,starting time,rTSS,date
activity_10909362288.tcx,1580.0,5.0 km,150 bpm,0:05:16 mins/km,2023-04-15 12:56:04+01:00,25,2023-04-15
activity_10665363229.tcx,4462.0,15.06 km,157 bpm,0:04:56 mins/km,2023-03-10 07:04:27+00:00,80,2023-03-10
activity_12006015235.tcx,3733.0,12.95 km,146 bpm,0:04:48 mins/km,2023-09-12 12:50:07+01:00,72,2023-09-12
activity_12169029648.tcx,2048.0,7.06 km,150 bpm,0:04:50 mins/km,2023-10-04 12:11:49+01:00,38,2023-10-04
activity_9334216070.tcx,2672.0,8.46 km,144 bpm,0:05:16 mins/km,2022-08-04 06:48:49+01:00,42,2022-08-04
activity_10487541690.tcx,2311.0,10.04 km,153 bpm,0:03:50 mins/km,2023-02-11 09:50:09+00:00,68,2023-02-11
activity_12686520357.tcx,1388.0,5.81 km,144 bpm,0:03:59 mins/km,2023-11-11 11:02:58+00:00,38,2023-11-11
activity_11571306823.tcx,3291.0,11.01 km,145 bpm,0:04:59 mins/km,2023-07-16 08:06:21+01:00,58,2023-07-16
activity_13144303080.tcx,2075.0,7.26 km,153 bpm,0:04:46 mins/km,2023-12-18 12:30:02+00:00,40,2023-12-18
activity_11394895153.tcx,3102.0,10.13 km,149 bpm,0:05:06 mins/km,2023-06-21 18:18:53+01:00,52,2023-06-21
activity_10612763142.tcx,2798.0,9.13 km,152 bpm,0:05:06 mins/km,2023-03-02 07:28:20+00:00,47,2023-03-02
activity_10564299140.tcx,2239.0,6.95 km,144 bpm,0:05:22 mins/km,2023-02-22 18:12:44+00:00,34,2023-02-22
activity_12061705549.tcx,4191.0,13.53 km,147 bpm,0:05:10 mins/km,2023-09-19 18:12:53+01:00,76,2023-09-19
activity_10764800742.tcx,1176.0,5.08 km,149 bpm,0:03:51 mins/km,2023-03-25 09:07:57+00:00,34,2023-03-25
activity_11041719730.tcx,4693.0,14.81 km,146 bpm,0:05:17 mins/km,2023-05-04 06:55:04+01:00,73,2023-05-04
activity_9112972407.tcx,2530.0,7.83 km,149 bpm,0:05:23 mins/km,2022-06-30 07:43:37+01:00,38,2022-06-30
activity_12214125460.tcx,1149.0,3.74 km,160 bpm,0:05:07 mins/km,2023-10-07 14:46:08+01:00,19,2023-10-07
activity_9875748932.tcx,1233.0,5.06 km,153 bpm,0:04:04 mins/km,2022-10-29 08:01:11+08:00,33,2022-10-29
activity_9204624095.tcx,3742.0,10.68 km,133 bpm,0:05:50 mins/km,2022-07-14 18:10:26+01:00,57,2022-07-14
activity_10949611402.tcx,4501.0,16.1 km,155 bpm,0:04:39 mins/km,2023-04-21 07:52:56+01:00,91,2023-04-21
activity_12041437643.tcx,378.0,1.24 km,145 bpm,0:05:04 mins/km,2023-09-17 08:59:20+01:00,6,2023-09-17
activity_10330169822.tcx,2901.0,9.17 km,149 bpm,0:05:16 mins/km,2023-01-18 08:36:25+08:00,45,2023-01-18
activity_10633281052.tcx,5027.0,20.99 km,177 bpm,0:03:59 mins/km,2023-03-05 09:30:12+00:00,137,2023-03-05
activity_12214116874.tcx,1981.0,6.66 km,155 bpm,0:04:57 mins/km,2023-10-06 13:01:13+01:00,35,2023-10-06
activity_11902150733.tcx,4866.0,15.24 km,140 bpm,0:05:19 mins/km,2023-08-29 18:12:48+01:00,86,2023-08-29
activity_12394137959.tcx,1902.0,6.3 km,152 bpm,0:05:02 mins/km,2023-10-20 12:45:37+01:00,33,2023-10-20
activity_9730946291.tcx,3661.0,11.48 km,163 bpm,0:05:19 mins/km,2022-10-05 08:18:13+08:00,56,2022-10-05
activity_12843702097.tcx,1913.0,6.07 km,144 bpm,0:05:15 mins/km,2023-11-23 12:32:25+00:00,30,2023-11-23
activity_10699462230.tcx,1818.0,5.97 km,142 bpm,0:05:05 mins/km,2023-03-15 12:15:20+00:00,31,2023-03-15
activity_12951547877.tcx,4127.0,12.25 km,149 bpm,0:05:37 mins/km,2023-12-02 09:07:33+00:00,57,2023-12-02
activity_11743730886.tcx,1071.0,5.0 km,148 bpm,0:03:34 mins/km,2023-08-08 18:59:41+01:00,37,2023-08-08
activity_11697029143.tcx,1812.0,6.14 km,146 bpm,0:04:55 mins/km,2023-08-02 12:17:12+01:00,33,2023-08-02
activity_10695458904.tcx,4552.0,15.14 km,154 bpm,0:05:01 mins/km,2023-03-14 18:11:58+00:00,81,2023-03-14
activity_10494006159.tcx,3729.0,12.12 km,151 bpm,0:05:08 mins/km,2023-02-12 08:38:32+00:00,62,2023-02-12
activity_10789168717.tcx,4501.0,14.02 km,150 bpm,0:05:21 mins/km,2023-03-28 18:13:01+01:00,75,2023-03-28
activity_9767912516.tcx,4501.0,13.71 km,159 bpm,0:05:28 mins/km,2022-10-11 08:41:46+08:00,66,2022-10-11
activity_10520918895.tcx,3969.0,13.25 km,151 bpm,0:05:00 mins/km,2023-02-16 06:53:55+00:00,69,2023-02-16
activity_10428676921.tcx,4483.0,14.43 km,148 bpm,0:05:11 mins/km,2023-02-02 08:57:15+00:00,73,2023-02-02
activity_9705909181.tcx,1720.0,6.03 km,136 bpm,0:04:45 mins/km,2022-10-01 08:46:20+08:00,34,2022-10-01
activity_12338842374.tcx,1911.0,6.0 km,153 bpm,0:05:18 mins/km,2023-10-16 12:13:45+01:00,30,2023-10-16
activity_8823003428.tcx,1015.0,3.11 km,144 bpm,0:05:27 mins/km,2022-05-14 18:10:17+01:00,15,2022-05-14
activity_12624780035.tcx,1940.0,6.07 km,149 bpm,0:05:19 mins/km,2023-11-06 17:20:18+00:00,30,2023-11-06
activity_9966446978.tcx,5484.0,17.1 km,150 bpm,0:05:21 mins/km,2022-11-13 09:05:13+11:00,84,2022-11-13
activity_10303624189.tcx,3641.0,12.56 km,147 bpm,0:04:50 mins/km,2023-01-14 07:17:05+08:00,68,2023-01-14
activity_11564334013.tcx,2860.0,9.58 km,149 bpm,0:04:58 mins/km,2023-07-15 09:42:40+02:00,50,2023-07-15
activity_9446011217.tcx,4659.0,15.04 km,155 bpm,0:05:10 mins/km,2022-08-21 08:30:58+01:00,76,2022-08-21
activity_11590346107.tcx,4165.0,14.45 km,149 bpm,0:04:48 mins/km,2023-07-18 18:14:13+01:00,90,2023-07-18
activity_9897889534.tcx,1294.0,3.76 km,153 bpm,0:05:45 mins/km,2022-11-01 19:13:41+08:00,17,2022-11-01
activity_9075564822.tcx,2834.0,8.81 km,151 bpm,0:05:22 mins/km,2022-06-24 06:32:50+01:00,43,2022-06-24
activity_11731462187.tcx,2230.0,7.34 km,156 bpm,0:05:04 mins/km,2023-08-07 07:01:47+01:00,38,2023-08-07
activity_11370106720.tcx,2400.0,9.98 km,156 bpm,0:04:00 mins/km,2023-06-18 09:34:11+01:00,65,2023-06-18
activity_11135154753.tcx,1820.0,5.64 km,150 bpm,0:05:23 mins/km,2023-05-17 12:15:50+01:00,27,2023-05-17
activity_12013382755.tcx,2034.0,5.66 km,155 bpm,0:05:59 mins/km,2023-09-13 12:11:23+01:00,25,2023-09-13
activity_11063456095.tcx,1460.0,4.62 km,146 bpm,0:05:16 mins/km,2023-05-07 10:27:57+01:00,23,2023-05-07
activity_9696293728.tcx,1185.0,3.93 km,151 bpm,0:05:01 mins/km,2022-09-29 17:33:10+08:00,20,2022-09-29
activity_11163733368.tcx,3790.0,12.96 km,155 bpm,0:04:53 mins/km,2023-05-21 10:15:33+01:00,69,2023-05-21
activity_11107210480.tcx,4711.0,16.27 km,158 bpm,0:04:50 mins/km,2023-05-13 12:04:39+01:00,88,2023-05-13
activity_10065184907.tcx,1964.0,6.4 km,152 bpm,0:05:07 mins/km,2022-12-01 17:18:27+13:00,33,2022-12-01
activity_9939592199.tcx,1226.0,3.97 km,146 bpm,0:05:09 mins/km,2022-11-08 17:31:47+08:00,20,2022-11-08
activity_9791779685.tcx,1201.0,3.9 km,151 bpm,0:05:08 mins/km,2022-10-15 08:03:17+08:00,20,2022-10-15
activity_10350008181.tcx,2740.0,9.25 km,157 bpm,0:04:56 mins/km,2023-01-21 08:14:05+00:00,49,2023-01-21
activity_11098906538.tcx,3577.0,12.39 km,156 bpm,0:04:49 mins/km,2023-05-12 07:24:35+01:00,67,2023-05-12
activity_11114380385.tcx,6302.0,22.74 km,162 bpm,0:04:37 mins/km,2023-05-14 10:34:40+01:00,129,2023-05-14
activity_9774407134.tcx,3486.0,10.89 km,156 bpm,0:05:20 mins/km,2022-10-12 09:32:07+08:00,53,2022-10-12
activity_11181871285.tcx,3447.0,10.85 km,139 bpm,0:05:18 mins/km,2023-05-23 18:10:58+01:00,57,2023-05-23
activity_12260958602.tcx,3981.0,12.67 km,151 bpm,0:05:14 mins/km,2023-10-10 18:13:16+01:00,71,2023-10-10
activity_12453567427.tcx,4264.0,13.6 km,147 bpm,0:05:13 mins/km,2023-10-24 18:14:55+01:00,78,2023-10-24
activity_13161139683.tcx,4806.0,16.13 km,147 bpm,0:04:58 mins/km,2023-12-19 18:12:17+00:00,91,2023-12-19
activity_10603512871.tcx,4179.0,13.25 km,147 bpm,0:05:15 mins/km,2023-02-28 18:14:49+00:00,73,2023-02-28
activity_10573428253.tcx,3281.0,11.06 km,156 bpm,0:04:57 mins/km,2023-02-24 07:02:02+00:00,58,2023-02-24
activity_11257910546.tcx,5407.0,17.36 km,149 bpm,0:05:11 mins/km,2023-06-03 08:56:31+02:00,88,2023-06-03
activity_10389926308.tcx,2041.0,6.52 km,156 bpm,0:05:13 mins/km,2023-01-27 09:51:46+00:00,33,2023-01-27
activity_12758691632.tcx,3392.0,11.06 km,140 bpm,0:05:07 mins/km,2023-11-16 18:35:43+00:00,57,2023-11-16
activity_9810455502.tcx,3687.0,11.69 km,157 bpm,0:05:15 mins/km,2022-10-18 09:26:08+08:00,58,2022-10-18
activity_11081781930.tcx,4251.0,13.73 km,139 bpm,0:05:10 mins/km,2023-05-09 18:15:04+01:00,81,2023-05-09
activity_12311144007.tcx,2006.0,6.38 km,146 bpm,0:05:14 mins/km,2023-10-14 11:50:37+01:00,32,2023-10-14
activity_10154617089.tcx,1832.0,5.93 km,161 bpm,0:05:09 mins/km,2022-12-19 07:48:24+08:00,30,2022-12-19
activity_9147278086.tcx,932.0,3.01 km,159 bpm,0:05:10 mins/km,2022-07-05 19:40:01+01:00,15,2022-07-05
activity_11641631184.tcx,4628.0,14.09 km,144 bpm,0:05:29 mins/km,2023-07-25 18:13:49+01:00,86,2023-07-25
activity_8852182532.tcx,3790.0,12.92 km,152 bpm,0:04:53 mins/km,2022-05-19 09:06:28+01:00,70,2022-05-19
activity_11492183989.tcx,1983.0,6.27 km,155 bpm,0:05:16 mins/km,2023-07-05 12:16:03+01:00,31,2023-07-05
activity_11912381184.tcx,4613.0,15.13 km,152 bpm,0:05:05 mins/km,2023-08-31 06:32:50+01:00,78,2023-08-31
activity_9939593889.tcx,1501.0,5.73 km,148 bpm,0:04:22 mins/km,2022-11-08 18:14:32+08:00,36,2022-11-08
activity_9206806913.tcx,2958.0,9.6 km,160 bpm,0:05:08 mins/km,2022-07-15 07:58:47+01:00,49,2022-07-15
activity_12488497881.tcx,1814.0,5.92 km,141 bpm,0:05:06 mins/km,2023-10-27 12:56:39+01:00,30,2023-10-27
activity_10672013631.tcx,3711.0,11.56 km,151 bpm,0:05:21 mins/km,2023-03-11 09:43:45+00:00,56,2023-03-11
activity_10284887964.tcx,3404.0,12.0 km,153 bpm,0:04:44 mins/km,2023-01-11 07:36:42+08:00,66,2023-01-11
activity_12078645430.tcx,3944.0,12.58 km,157 bpm,0:05:14 mins/km,2023-09-22 06:29:41+01:00,63,2023-09-22
activity_9456552614.tcx,4515.0,14.87 km,155 bpm,0:05:04 mins/km,2022-08-22 18:45:57+01:00,77,2022-08-22
activity_10170897248.tcx,1341.0,4.5 km,159 bpm,0:04:58 mins/km,2022-12-22 18:34:57+08:00,24,2022-12-22
activity_10718232490.tcx,2074.0,6.83 km,147 bpm,0:05:04 mins/km,2023-03-18 10:10:13+00:00,35,2023-03-18
activity_9854368580.tcx,4197.0,14.07 km,152 bpm,0:04:58 mins/km,2022-10-25 17:32:20+08:00,76,2022-10-25
activity_11719002996.tcx,2920.0,10.39 km,149 bpm,0:04:41 mins/km,2023-08-05 11:49:34+01:00,58,2023-08-05
activity_10633274022.tcx,652.0,2.04 km,152 bpm,0:05:20 mins/km,2023-03-05 08:54:27+00:00,10,2023-03-05
activity_9537973889.tcx,3961.0,12.49 km,156 bpm,0:05:17 mins/km,2022-09-04 08:26:19+01:00,62,2022-09-04
activity_10421539765.tcx,2775.0,9.67 km,158 bpm,0:04:47 mins/km,2023-02-01 06:59:18+00:00,53,2023-02-01
activity_9192058280.tcx,1800.0,5.63 km,138 bpm,0:05:20 mins/km,2022-07-12 18:42:56+01:00,38,2022-07-12
activity_9463490350.tcx,2552.0,8.76 km,147 bpm,0:04:51 mins/km,2022-08-23 18:43:58+01:00,51,2022-08-23
activity_10820261081.tcx,1683.0,7.11 km,150 bpm,0:03:57 mins/km,2023-04-02 14:05:01+01:00,47,2023-04-02
activity_11526927849.tcx,2595.0,8.16 km,141 bpm,0:05:18 mins/km,2023-07-10 08:11:35+02:00,40,2023-07-10
activity_11959733237.tcx,1822.0,5.92 km,151 bpm,0:05:08 mins/km,2023-09-06 12:10:18+01:00,30,2023-09-06
activity_10752167394.tcx,4446.0,13.83 km,161 bpm,0:05:21 mins/km,2023-03-23 07:06:10+00:00,67,2023-03-23
activity_10137420886.tcx,3915.0,14.0 km,150 bpm,0:04:40 mins/km,2022-12-15 17:35:24+08:00,79,2022-12-15
activity_10144940216.tcx,1761.0,6.42 km,150 bpm,0:04:34 mins/km,2022-12-17 08:43:44+08:00,38,2022-12-17
activity_10901004209.tcx,3783.0,13.01 km,158 bpm,0:04:51 mins/km,2023-04-14 07:25:12+01:00,70,2023-04-14
activity_9431141592.tcx,3325.0,11.49 km,142 bpm,0:04:49 mins/km,2022-08-18 18:10:53+01:00,63,2022-08-18
activity_9159780034.tcx,3765.0,11.77 km,154 bpm,0:05:20 mins/km,2022-07-07 18:04:06+01:00,64,2022-07-07
activity_9726375186.tcx,1188.0,3.98 km,151 bpm,0:04:58 mins/km,2022-10-04 17:32:27+08:00,21,2022-10-04
activity_9901842287.tcx,3578.0,11.38 km,161 bpm,0:05:15 mins/km,2022-11-02 08:21:31+08:00,57,2022-11-02
activity_12572776059.tcx,1977.0,6.05 km,154 bpm,0:05:27 mins/km,2023-11-02 17:46:21+00:00,29,2023-11-02
activity_9393430202.tcx,5045.0,13.01 km,153 bpm,0:06:28 mins/km,2022-08-13 07:37:24+01:00,53,2022-08-13
activity_9748669348.tcx,1266.0,4.88 km,157 bpm,0:04:19 mins/km,2022-10-08 08:04:48+08:00,30,2022-10-08
activity_11497854518.tcx,4622.0,15.42 km,154 bpm,0:05:00 mins/km,2023-07-06 06:37:22+01:00,84,2023-07-06
activity_11778601880.tcx,389.0,1.29 km,159 bpm,0:05:00 mins/km,2023-08-13 09:01:47+01:00,7,2023-08-13
activity_9918703992.tcx,1227.0,4.87 km,152 bpm,0:04:12 mins/km,2022-11-05 08:06:33+08:00,30,2022-11-05
activity_12705912251.tcx,1813.0,5.48 km,161 bpm,0:05:31 mins/km,2023-11-12 16:54:06+00:00,26,2023-11-12
activity_9353269180.tcx,1242.0,4.02 km,157 bpm,0:05:09 mins/km,2022-08-07 08:35:08+01:00,20,2022-08-07
activity_8994684687.tcx,2067.0,6.47 km,159 bpm,0:05:19 mins/km,2022-06-11 11:17:10+01:00,32,2022-06-11
activity_10805088966.tcx,3750.0,12.59 km,156 bpm,0:04:58 mins/km,2023-03-31 07:19:19+01:00,66,2023-03-31
activity_11815849085.tcx,3946.0,12.84 km,146 bpm,0:05:07 mins/km,2023-08-18 07:27:18+01:00,65,2023-08-18
activity_10448041840.tcx,6657.0,21.04 km,156 bpm,0:05:16 mins/km,2023-02-05 08:41:44+00:00,105,2023-02-05
activity_8907494076.tcx,2197.0,7.38 km,148 bpm,0:04:58 mins/km,2022-05-28 10:06:40+01:00,44,2022-05-28
activity_10164043499.tcx,3841.0,12.04 km,150 bpm,0:05:19 mins/km,2022-12-21 07:15:48+08:00,59,2022-12-21
activity_10027669408.tcx,4171.0,13.67 km,152 bpm,0:05:05 mins/km,2022-11-24 18:14:58+13:00,70,2022-11-24
activity_12917900106.tcx,1749.0,5.78 km,158 bpm,0:05:02 mins/km,2023-11-29 12:15:56+00:00,30,2023-11-29
activity_9696295439.tcx,887.0,2.9 km,172 bpm,0:05:05 mins/km,2022-09-29 18:34:40+08:00,15,2022-09-29
activity_9531556666.tcx,2543.0,9.01 km,151 bpm,0:04:42 mins/km,2022-09-03 08:41:17+01:00,51,2022-09-03
activity_8738288308.tcx,5248.0,17.7 km,162 bpm,0:04:56 mins/km,2022-05-01 08:47:36+01:00,94,2022-05-01
activity_9363935156.tcx,1127.0,5.02 km,150 bpm,0:03:45 mins/km,2022-08-08 18:59:40+01:00,35,2022-08-08
activity_8914394738.tcx,4878.0,16.87 km,158 bpm,0:04:49 mins/km,2022-05-29 10:31:54+01:00,92,2022-05-29
activity_10419011382.tcx,4079.0,13.16 km,146 bpm,0:05:10 mins/km,2023-01-31 18:08:15+00:00,76,2023-01-31
activity_8864467233.tcx,4462.0,13.83 km,151 bpm,0:05:23 mins/km,2022-05-21 09:43:00+01:00,79,2022-05-21
activity_9292939565.tcx,1054.0,3.45 km,134 bpm,0:05:05 mins/km,2022-07-28 18:07:11+01:00,18,2022-07-28
activity_11762223887.tcx,3196.0,10.9 km,153 bpm,0:04:53 mins/km,2023-08-11 06:53:34+01:00,58,2023-08-11
activity_8751145289.tcx,3112.0,10.48 km,151 bpm,0:04:57 mins/km,2022-05-03 09:12:58+01:00,56,2022-05-03
activity_12831731590.tcx,1803.0,5.86 km,156 bpm,0:05:08 mins/km,2023-11-22 12:15:55+00:00,30,2023-11-22
activity_12808366845.tcx,1900.0,6.05 km,149 bpm,0:05:14 mins/km,2023-11-20 17:25:11+00:00,30,2023-11-20
activity_9013151550.tcx,1950.0,6.17 km,152 bpm,0:05:16 mins/km,2022-06-14 08:26:07+01:00,31,2022-06-14
activity_13134038294.tcx,3302.0,11.28 km,152 bpm,0:04:53 mins/km,2023-12-17 13:15:49+00:00,60,2023-12-17
activity_9081866583.tcx,4671.0,15.95 km,150 bpm,0:04:53 mins/km,2022-06-25 08:32:25+01:00,86,2022-06-25
activity_8816285333.tcx,1677.0,5.1 km,148 bpm,0:05:29 mins/km,2022-05-13 17:05:28+01:00,24,2022-05-13
activity_9060081468.tcx,1057.0,3.54 km,139 bpm,0:04:59 mins/km,2022-06-21 18:04:13+01:00,19,2022-06-21
activity_9646684837.tcx,2754.0,8.46 km,153 bpm,0:05:26 mins/km,2022-09-21 08:21:27+01:00,41,2022-09-21
activity_9882456251.tcx,4501.0,14.42 km,158 bpm,0:05:12 mins/km,2022-10-30 11:14:48+08:00,72,2022-10-30
activity_10010696412.tcx,4591.0,15.03 km,154 bpm,0:05:05 mins/km,2022-11-21 06:32:41+10:00,79,2022-11-21
activity_12214119884.tcx,1276.0,4.24 km,154 bpm,0:05:01 mins/km,2023-10-07 13:20:33+01:00,22,2023-10-07
activity_10894102615.tcx,4607.0,15.02 km,160 bpm,0:05:07 mins/km,2023-04-13 07:00:02+01:00,77,2023-04-13
activity_9600257203.tcx,904.0,2.85 km,168 bpm,0:05:17 mins/km,2022-09-13 19:21:44+01:00,14,2022-09-13
activity_11383296619.tcx,4381.0,14.46 km,158 bpm,0:05:03 mins/km,2023-06-20 06:58:15+01:00,75,2023-06-20
activity_11347095340.tcx,3745.0,12.08 km,153 bpm,0:05:10 mins/km,2023-06-15 06:45:37+01:00,61,2023-06-15
activity_9029903951.tcx,3734.0,10.89 km,138 bpm,0:05:43 mins/km,2022-06-16 18:04:35+01:00,60,2022-06-16
activity_11140833545.tcx,3854.0,12.04 km,158 bpm,0:05:20 mins/km,2023-05-18 07:01:29+01:00,59,2023-05-18
activity_9364098682.tcx,1098.0,3.36 km,155 bpm,0:05:27 mins/km,2022-08-08 19:45:22+01:00,16,2022-08-08
activity_10998413325.tcx,3632.0,12.42 km,155 bpm,0:04:53 mins/km,2023-04-28 07:25:19+01:00,67,2023-04-28
activity_8969946045.tcx,835.0,2.68 km,156 bpm,0:05:11 mins/km,2022-06-07 11:20:05+01:00,14,2022-06-07
activity_10379543530.tcx,2897.0,9.2 km,150 bpm,0:05:15 mins/km,2023-01-25 16:44:39+00:00,46,2023-01-25
activity_12742685199.tcx,614.0,1.63 km,152 bpm,0:06:17 mins/km,2023-11-15 15:30:08+00:00,7,2023-11-15
activity_10764619735.tcx,1945.0,6.2 km,150 bpm,0:05:14 mins/km,2023-03-25 08:18:51+00:00,31,2023-03-25
activity_9791780508.tcx,828.0,2.41 km,134 bpm,0:05:43 mins/km,2022-10-15 09:27:27+08:00,11,2022-10-15
activity_9988975786.tcx,4336.0,13.8 km,153 bpm,0:05:14 mins/km,2022-11-17 07:20:38+11:00,69,2022-11-17
activity_10264916622.tcx,5532.0,17.5 km,153 bpm,0:05:16 mins/km,2023-01-08 07:50:40+08:00,87,2023-01-08
activity_12930804114.tcx,3549.0,11.81 km,150 bpm,0:05:01 mins/km,2023-11-30 12:38:30+00:00,62,2023-11-30
activity_9544789918.tcx,3086.0,10.03 km,156 bpm,0:05:08 mins/km,2022-09-05 07:41:03+01:00,51,2022-09-05
activity_13002300338.tcx,2846.0,9.13 km,144 bpm,0:05:12 mins/km,2023-12-06 12:15:50+00:00,46,2023-12-06
activity_8823002782.tcx,1120.0,5.0 km,144 bpm,0:03:44 mins/km,2022-05-14 17:30:06+01:00,35,2022-05-14
activity_11989744026.tcx,8022.0,21.84 km,157 bpm,0:06:07 mins/km,2023-09-10 07:25:21+01:00,93,2023-09-10
activity_9782404159.tcx,1243.0,3.95 km,154 bpm,0:05:15 mins/km,2022-10-13 17:31:56+08:00,20,2022-10-13
activity_9726376603.tcx,1261.0,5.2 km,142 bpm,0:04:02 mins/km,2022-10-04 18:16:01+08:00,34,2022-10-04
activity_10310396440.tcx,5587.0,18.27 km,157 bpm,0:05:06 mins/km,2023-01-15 07:58:32+08:00,94,2023-01-15
activity_11035487134.tcx,1778.0,5.79 km,152 bpm,0:05:07 mins/km,2023-05-03 12:16:06+01:00,30,2023-05-03
activity_9782406001.tcx,1026.0,3.14 km,145 bpm,0:05:27 mins/km,2022-10-13 18:33:32+08:00,15,2022-10-13
activity_10866163368.tcx,3572.0,11.1 km,155 bpm,0:05:22 mins/km,2023-04-09 08:44:46+01:00,54,2023-04-09
activity_9924987307.tcx,5536.0,18.09 km,156 bpm,0:05:06 mins/km,2022-11-06 08:45:00+08:00,93,2022-11-06
activity_8823001739.tcx,993.0,3.3 km,138 bpm,0:05:01 mins/km,2022-05-14 16:44:15+01:00,17,2022-05-14
activity_11519273362.tcx,2719.0,8.48 km,144 bpm,0:05:21 mins/km,2023-07-09 08:06:11+02:00,41,2023-07-09
activity_9998991492.tcx,3271.0,10.19 km,154 bpm,0:05:21 mins/km,2022-11-19 07:06:13+11:00,50,2022-11-19
activity_10358365157.tcx,4361.0,15.04 km,156 bpm,0:04:50 mins/km,2023-01-22 09:39:24+00:00,81,2023-01-22
activity_9897324614.tcx,1157.0,4.09 km,150 bpm,0:04:43 mins/km,2022-11-01 17:33:21+08:00,23,2022-11-01
activity_10396254305.tcx,3695.0,11.7 km,158 bpm,0:05:16 mins/km,2023-01-28 10:47:44+00:00,58,2023-01-28
activity_10746706227.tcx,1804.0,5.77 km,152 bpm,0:05:13 mins/km,2023-03-22 12:15:52+00:00,29,2023-03-22
activity_9417777859.tcx,4037.0,12.01 km,139 bpm,0:05:36 mins/km,2022-08-16 18:10:27+01:00,67,2022-08-16
activity_10293378507.tcx,3894.0,14.38 km,155 bpm,0:04:31 mins/km,2023-01-12 17:30:15+08:00,84,2023-01-12
activity_11703009058.tcx,3582.0,11.31 km,154 bpm,0:05:17 mins/km,2023-08-03 07:23:00+01:00,56,2023-08-03
activity_10015221452.tcx,5485.0,17.52 km,153 bpm,0:05:13 mins/km,2022-11-22 07:28:30+13:00,88,2022-11-22
activity_10436179079.tcx,2062.0,6.68 km,141 bpm,0:05:08 mins/km,2023-02-03 13:40:37+00:00,34,2023-02-03
activity_9045074920.tcx,3817.0,12.65 km,158 bpm,0:05:02 mins/km,2022-06-19 09:24:17+01:00,66,2022-06-19
activity_10793396785.tcx,1785.0,5.79 km,151 bpm,0:05:08 mins/km,2023-03-29 12:16:21+01:00,30,2023-03-29
activity_9658948458.tcx,3195.0,10.34 km,165 bpm,0:05:09 mins/km,2022-09-23 06:40:06+01:00,53,2022-09-23
activity_9337902447.tcx,1831.0,5.63 km,153 bpm,0:05:25 mins/km,2022-08-04 18:21:54+01:00,27,2022-08-04
activity_11155309641.tcx,5559.0,19.52 km,154 bpm,0:04:45 mins/km,2023-05-20 08:04:18+01:00,109,2023-05-20
activity_9147276803.tcx,2584.0,6.85 km,135 bpm,0:06:17 mins/km,2022-07-05 18:48:42+01:00,43,2022-07-05
activity_8769917982.tcx,3634.0,13.0 km,155 bpm,0:04:40 mins/km,2022-05-06 08:51:48+01:00,73,2022-05-06
activity_12910842278.tcx,5047.0,16.47 km,153 bpm,0:05:06 mins/km,2023-11-28 18:12:02+00:00,91,2023-11-28
activity_10170895415.tcx,1202.0,4.01 km,148 bpm,0:04:59 mins/km,2022-12-22 17:32:13+08:00,21,2022-12-22
activity_10625432972.tcx,1891.0,6.04 km,152 bpm,0:05:13 mins/km,2023-03-04 07:49:29+00:00,30,2023-03-04
activity_10089703634.tcx,4073.0,13.05 km,153 bpm,0:05:12 mins/km,2022-12-06 07:55:45+13:00,68,2022-12-06
activity_9858295037.tcx,2640.0,8.03 km,153 bpm,0:05:29 mins/km,2022-10-26 08:34:41+08:00,38,2022-10-26
activity_10403683016.tcx,5400.0,17.42 km,157 bpm,0:05:10 mins/km,2023-01-29 11:22:31+00:00,88,2023-01-29
activity_10239104513.tcx,3201.0,10.37 km,158 bpm,0:05:09 mins/km,2023-01-04 07:50:58+08:00,53,2023-01-04
activity_9324936547.tcx,951.0,3.01 km,160 bpm,0:05:16 mins/km,2022-08-02 19:22:17+01:00,15,2022-08-02
activity_11240593681.tcx,2141.0,6.93 km,154 bpm,0:05:09 mins/km,2023-05-31 18:38:15+01:00,35,2023-05-31
activity_9162124564.tcx,3427.0,10.46 km,143 bpm,0:05:28 mins/km,2022-07-08 06:23:02+01:00,50,2022-07-08
activity_12610232460.tcx,427.0,1.41 km,108 bpm,0:05:04 mins/km,2023-11-05 15:05:59+00:00,7,2023-11-05
activity_12515877433.tcx,378.0,1.25 km,123 bpm,0:05:02 mins/km,2023-10-29 09:30:06+00:00,6,2023-10-29
activity_9600255836.tcx,1887.0,5.72 km,143 bpm,0:05:30 mins/km,2022-09-13 18:44:18+01:00,37,2022-09-13
activity_8969945417.tcx,1810.0,6.57 km,155 bpm,0:04:35 mins/km,2022-06-07 10:43:39+01:00,37,2022-06-07
activity_9810454656.tcx,458.0,1.4 km,137 bpm,0:05:27 mins/km,2022-10-16 08:20:38+08:00,7,2022-10-16
activity_12547532012.tcx,5223.0,18.05 km,163 bpm,0:04:49 mins/km,2023-10-31 18:08:36+00:00,104,2023-10-31
activity_9308291854.tcx,3605.0,11.22 km,153 bpm,0:05:21 mins/km,2022-07-31 09:27:05+01:00,55,2022-07-31
activity_11863026413.tcx,2632.0,8.87 km,153 bpm,0:04:57 mins/km,2023-08-24 12:21:19+01:00,47,2023-08-24
activity_11214153000.tcx,4974.0,21.29 km,180 bpm,0:03:54 mins/km,2023-05-28 08:00:34+01:00,143,2023-05-28
activity_10764936054.tcx,643.0,2.03 km,138 bpm,0:05:18 mins/km,2023-03-25 09:36:44+00:00,10,2023-03-25
activity_10541195052.tcx,6397.0,21.11 km,157 bpm,0:05:03 mins/km,2023-02-19 09:36:17+00:00,109,2023-02-19
activity_9440405181.tcx,4500.0,14.13 km,158 bpm,0:05:18 mins/km,2022-08-20 10:15:43+01:00,70,2022-08-20
activity_10942632047.tcx,4828.0,15.05 km,158 bpm,0:05:21 mins/km,2023-04-20 06:54:31+01:00,74,2023-04-20
activity_10645913536.tcx,2863.0,9.03 km,157 bpm,0:05:17 mins/km,2023-03-07 07:06:14+00:00,45,2023-03-07
activity_9324933562.tcx,1070.0,3.52 km,147 bpm,0:05:04 mins/km,2022-08-02 18:07:20+01:00,18,2022-08-02
activity_9585056132.tcx,5404.0,16.47 km,151 bpm,0:05:28 mins/km,2022-09-11 10:16:47+01:00,79,2022-09-11
activity_12579629276.tcx,3367.0,11.1 km,153 bpm,0:05:03 mins/km,2023-11-03 07:11:36+00:00,57,2023-11-03
activity_10811981152.tcx,2269.0,7.29 km,139 bpm,0:05:11 mins/km,2023-04-01 09:43:07+01:00,37,2023-04-01
activity_11505480325.tcx,3179.0,10.13 km,150 bpm,0:05:14 mins/km,2023-07-07 06:38:49+01:00,51,2023-07-07
activity_10580547660.tcx,5488.0,18.02 km,153 bpm,0:05:05 mins/km,2023-02-25 09:55:12+00:00,93,2023-02-25
activity_12942471254.tcx,822.0,1.91 km,139 bpm,0:07:10 mins/km,2023-12-01 10:13:19+00:00,7,2023-12-01
activity_10567200453.tcx,4325.0,14.14 km,157 bpm,0:05:06 mins/km,2023-02-23 06:57:29+00:00,73,2023-02-23
activity_9824547927.tcx,3602.0,12.35 km,152 bpm,0:04:52 mins/km,2022-10-20 17:32:10+08:00,68,2022-10-20
activity_9834386790.tcx,4454.0,13.77 km,155 bpm,0:05:23 mins/km,2022-10-22 12:33:24+08:00,67,2022-10-22
activity_10192210533.tcx,4356.0,15.04 km,154 bpm,0:04:50 mins/km,2022-12-27 09:53:20+08:00,82,2022-12-27
activity_9875748406.tcx,1135.0,3.54 km,147 bpm,0:05:21 mins/km,2022-10-29 07:35:05+08:00,17,2022-10-29
activity_9931556953.tcx,3686.0,11.41 km,152 bpm,0:05:23 mins/km,2022-11-07 09:12:11+08:00,55,2022-11-07
activity_8895079305.tcx,3661.0,12.03 km,152 bpm,0:05:04 mins/km,2022-05-26 09:32:26+01:00,62,2022-05-26
activity_10487539942.tcx,981.0,3.34 km,143 bpm,0:04:54 mins/km,2023-02-11 09:15:04+00:00,18,2023-02-11
activity_10760312170.tcx,3580.0,11.76 km,155 bpm,0:05:04 mins/km,2023-03-24 12:46:52+00:00,61,2023-03-24
activity_11594968757.tcx,1757.0,5.69 km,144 bpm,0:05:09 mins/km,2023-07-19 12:16:14+01:00,29,2023-07-19
activity_8882808003.tcx,2223.0,5.6 km,129 bpm,0:06:37 mins/km,2022-05-24 09:36:59+01:00,37,2022-05-24
activity_11012690397.tcx,631.0,2.1 km,135 bpm,0:05:00 mins/km,2023-04-30 09:43:16+01:00,11,2023-04-30
activity_10100386963.tcx,4501.0,14.62 km,153 bpm,0:05:08 mins/km,2022-12-08 07:46:37+13:00,74,2022-12-08
activity_11131113799.tcx,4261.0,13.66 km,144 bpm,0:05:12 mins/km,2023-05-16 18:11:34+01:00,79,2023-05-16
activity_12311139463.tcx,1572.0,6.6 km,147 bpm,0:03:58 mins/km,2023-10-14 11:00:42+01:00,43,2023-10-14
activity_10383598691.tcx,4293.0,13.28 km,153 bpm,0:05:23 mins/km,2023-01-26 09:18:55+00:00,65,2023-01-26
activity_10742689384.tcx,5158.0,16.23 km,147 bpm,0:05:18 mins/km,2023-03-21 18:08:59+00:00,89,2023-03-21
activity_11469496839.tcx,5348.0,17.5 km,147 bpm,0:05:06 mins/km,2023-07-02 09:13:44+01:00,90,2023-07-02
activity_9875749336.tcx,1262.0,3.85 km,160 bpm,0:05:28 mins/km,2022-10-29 08:31:56+08:00,18,2022-10-29
activity_9175972209.tcx,4668.0,15.77 km,158 bpm,0:04:56 mins/km,2022-07-10 10:45:54+01:00,84,2022-07-10
activity_11910110983.tcx,2681.0,8.85 km,155 bpm,0:05:03 mins/km,2023-08-30 18:51:51+01:00,46,2023-08-30
activity_12367688291.tcx,2046.0,6.61 km,152 bpm,0:05:10 mins/km,2023-10-18 12:13:26+01:00,33,2023-10-18
activity_9463486814.tcx,1142.0,3.58 km,143 bpm,0:05:19 mins/km,2022-08-23 18:12:20+01:00,18,2022-08-23
activity_10875368184.tcx,3573.0,12.56 km,156 bpm,0:04:44 mins/km,2023-04-10 14:44:30+01:00,70,2023-04-10
activity_11600923086.tcx,4566.0,14.72 km,152 bpm,0:05:10 mins/km,2023-07-20 06:53:49+01:00,74,2023-07-20
activity_8882808611.tcx,902.0,3.06 km,145 bpm,0:04:54 mins/km,2022-05-24 10:17:40+01:00,16,2022-05-24
activity_12030922288.tcx,1066.0,4.97 km,152 bpm,0:03:34 mins/km,2023-09-15 19:06:35+01:00,36,2023-09-15
activity_12130540362.tcx,4795.0,16.18 km,155 bpm,0:04:56 mins/km,2023-09-29 07:06:56+01:00,86,2023-09-29
activity_10511779304.tcx,4116.0,13.66 km,154 bpm,0:05:01 mins/km,2023-02-14 18:05:38+00:00,75,2023-02-14
activity_11850618990.tcx,4361.0,14.48 km,147 bpm,0:05:01 mins/km,2023-08-22 18:08:52+01:00,85,2023-08-22
activity_9605417502.tcx,2024.0,6.37 km,150 bpm,0:05:17 mins/km,2022-09-14 15:52:51+01:00,32,2022-09-14
activity_9479723611.tcx,3355.0,10.75 km,155 bpm,0:05:12 mins/km,2022-08-26 08:32:33+01:00,54,2022-08-26
activity_9577394598.tcx,1119.0,3.48 km,144 bpm,0:05:21 mins/km,2022-09-10 11:03:09+01:00,17,2022-09-10
activity_12311135476.tcx,1628.0,5.16 km,153 bpm,0:05:16 mins/km,2023-10-14 10:05:32+01:00,26,2023-10-14
activity_12164487330.tcx,4180.0,13.19 km,147 bpm,0:05:17 mins/km,2023-10-03 18:11:50+01:00,73,2023-10-03
activity_12685663078.tcx,1717.0,5.3 km,143 bpm,0:05:24 mins/km,2023-11-11 10:07:16+00:00,26,2023-11-11
activity_13100629615.tcx,2286.0,7.13 km,141 bpm,0:05:21 mins/km,2023-12-14 17:31:13+00:00,35,2023-12-14
activity_13106193248.tcx,3431.0,11.55 km,160 bpm,0:04:57 mins/km,2023-12-15 06:54:39+00:00,61,2023-12-15
activity_9840005398.tcx,5400.0,16.72 km,156 bpm,0:05:23 mins/km,2022-10-23 08:56:18+08:00,81,2022-10-23
activity_12515891759.tcx,414.0,1.42 km,127 bpm,0:04:52 mins/km,2023-10-29 12:16:22+00:00,8,2023-10-29
activity_10022165549.tcx,2776.0,9.18 km,150 bpm,0:05:02 mins/km,2022-11-23 17:47:36+13:00,48,2022-11-23
activity_11802002851.tcx,1760.0,5.62 km,146 bpm,0:05:13 mins/km,2023-08-16 12:16:32+01:00,28,2023-08-16
activity_12742682832.tcx,1396.0,5.76 km,170 bpm,0:04:02 mins/km,2023-11-15 14:32:01+00:00,37,2023-11-15
activity_9737390208.tcx,4557.0,14.15 km,157 bpm,0:05:22 mins/km,2022-10-06 09:44:59+08:00,69,2022-10-06
activity_9996006741.tcx,3683.0,12.02 km,155 bpm,0:05:06 mins/km,2022-11-18 17:38:45+11:00,62,2022-11-18
activity_9353591779.tcx,1222.0,4.02 km,157 bpm,0:05:04 mins/km,2022-08-07 09:22:13+01:00,21,2022-08-07
activity_10966338372.tcx,3895.0,12.81 km,153 bpm,0:05:04 mins/km,2023-04-23 14:16:02+01:00,66,2023-04-23
activity_11205794895.tcx,2005.0,6.26 km,155 bpm,0:05:20 mins/km,2023-05-27 08:14:30+01:00,31,2023-05-27
activity_8952614873.tcx,1146.0,4.12 km,149 bpm,0:04:39 mins/km,2022-06-04 14:50:21+01:00,23,2022-06-04
activity_9212919241.tcx,3697.0,12.5 km,161 bpm,0:04:56 mins/km,2022-07-16 08:30:22+01:00,66,2022-07-16
activity_9324935294.tcx,1537.0,4.57 km,137 bpm,0:05:36 mins/km,2022-08-02 18:43:22+01:00,32,2022-08-02
activity_11808160679.tcx,4419.0,14.09 km,144 bpm,0:05:14 mins/km,2023-08-17 06:53:13+01:00,70,2023-08-17
activity_9525488438.tcx,1388.0,4.21 km,147 bpm,0:05:30 mins/km,2022-09-02 08:45:15+01:00,20,2022-09-02
activity_9705908625.tcx,1232.0,3.92 km,153 bpm,0:05:14 mins/km,2022-10-01 08:03:23+08:00,20,2022-10-01
activity_8927368689.tcx,1066.0,3.63 km,151 bpm,0:04:53 mins/km,2022-05-31 15:46:39+01:00,19,2022-05-31
activity_9748669643.tcx,647.0,2.0 km,152 bpm,0:05:23 mins/km,2022-10-08 08:38:33+08:00,10,2022-10-08
activity_10586564265.tcx,2742.0,8.81 km,153 bpm,0:05:11 mins/km,2023-02-26 09:34:26+00:00,44,2023-02-26
activity_8826580836.tcx,3445.0,11.29 km,153 bpm,0:05:05 mins/km,2022-05-15 09:51:58+01:00,58,2022-05-15
activity_10820259389.tcx,2316.0,8.01 km,139 bpm,0:04:49 mins/km,2023-04-02 12:46:39+01:00,44,2023-04-02
activity_10852279874.tcx,5681.0,19.01 km,158 bpm,0:04:59 mins/km,2023-04-07 08:50:20+01:00,100,2023-04-07
activity_11413173911.tcx,5019.0,16.02 km,150 bpm,0:05:13 mins/km,2023-06-24 10:13:21+02:00,80,2023-06-24
activity_12112766683.tcx,4522.0,15.05 km,148 bpm,0:05:00 mins/km,2023-09-26 18:11:13+01:00,85,2023-09-26
activity_11855269806.tcx,1734.0,5.95 km,153 bpm,0:04:52 mins/km,2023-08-23 12:15:47+01:00,32,2023-08-23
activity_12532307530.tcx,1924.0,6.06 km,151 bpm,0:05:18 mins/km,2023-10-30 17:10:19+00:00,30,2023-10-30
activity_11091916098.tcx,4665.0,15.1 km,156 bpm,0:05:09 mins/km,2023-05-11 06:55:15+01:00,77,2023-05-11
activity_11965894056.tcx,3756.0,12.04 km,153 bpm,0:05:12 mins/km,2023-09-07 06:52:49+01:00,61,2023-09-07
activity_10488034164.tcx,1701.0,5.43 km,152 bpm,0:05:13 mins/km,2023-02-11 10:51:25+00:00,27,2023-02-11
activity_12610229648.tcx,6364.0,21.2 km,148 bpm,0:05:00 mins/km,2023-11-05 12:33:58+00:00,111,2023-11-05
activity_13171318219.tcx,1849.0,6.0 km,145 bpm,0:05:08 mins/km,2023-12-20 17:39:49+00:00,31,2023-12-20
activity_11951776864.tcx,3864.0,13.01 km,156 bpm,0:04:57 mins/km,2023-09-05 11:57:44+01:00,69,2023-09-05
activity_10271490503.tcx,1854.0,6.09 km,150 bpm,0:05:05 mins/km,2023-01-09 07:29:01+08:00,31,2023-01-09
activity_9370783031.tcx,3600.0,11.04 km,146 bpm,0:05:26 mins/km,2022-08-09 18:12:25+01:00,53,2022-08-09
activity_12823915973.tcx,4950.0,15.8 km,146 bpm,0:05:13 mins/km,2023-11-21 18:11:30+00:00,85,2023-11-21
activity_12295037733.tcx,3579.0,11.64 km,157 bpm,0:05:07 mins/km,2023-10-13 07:10:30+01:00,59,2023-10-13
activity_10084548494.tcx,1896.0,6.03 km,159 bpm,0:05:14 mins/km,2022-12-05 07:38:25+13:00,30,2022-12-05
activity_10836001279.tcx,4244.0,13.59 km,147 bpm,0:05:12 mins/km,2023-04-04 18:09:50+01:00,77,2023-04-04
activity_9192058763.tcx,756.0,2.46 km,143 bpm,0:05:07 mins/km,2022-07-12 19:31:03+01:00,13,2022-07-12
activity_12043078363.tcx,5261.0,17.97 km,155 bpm,0:04:53 mins/km,2023-09-17 10:07:50+01:00,96,2023-09-17
activity_8907488989.tcx,1073.0,3.52 km,145 bpm,0:05:05 mins/km,2022-05-28 09:37:47+01:00,18,2022-05-28
activity_11265283910.tcx,4719.0,14.12 km,145 bpm,0:05:34 mins/km,2023-06-04 08:25:27+02:00,66,2023-06-04
activity_8733255458.tcx,1284.0,3.81 km,135 bpm,0:05:37 mins/km,2022-04-30 12:09:48+01:00,27,2022-04-30
activity_11020838873.tcx,7235.0,23.13 km,148 bpm,0:05:13 mins/km,2023-05-01 10:36:08+01:00,116,2023-05-01
activity_8890085394.tcx,2696.0,9.27 km,156 bpm,0:04:51 mins/km,2022-05-25 13:20:45+01:00,50,2022-05-25
activity_9676757316.tcx,3830.0,12.04 km,159 bpm,0:05:18 mins/km,2022-09-26 09:02:56+08:00,59,2022-09-26
activity_9089090848.tcx,5940.0,19.17 km,151 bpm,0:05:10 mins/km,2022-06-26 08:56:16+01:00,97,2022-06-26
activity_11678034519.tcx,2087.0,6.79 km,149 bpm,0:05:07 mins/km,2023-07-30 19:14:17+01:00,35,2023-07-30
activity_11823602770.tcx,2480.0,8.24 km,143 bpm,0:05:01 mins/km,2023-08-19 09:03:10+01:00,43,2023-08-19
activity_9286141526.tcx,3651.0,12.03 km,151 bpm,0:05:03 mins/km,2022-07-27 18:15:09+01:00,62,2022-07-27
activity_12329956629.tcx,2463.0,7.47 km,147 bpm,0:05:30 mins/km,2023-10-15 16:09:31+01:00,35,2023-10-15
activity_10317164399.tcx,1984.0,6.22 km,156 bpm,0:05:19 mins/km,2023-01-16 08:26:24+08:00,31,2023-01-16
activity_11743731844.tcx,778.0,2.35 km,145 bpm,0:05:31 mins/km,2023-08-08 19:39:50+01:00,11,2023-08-08
activity_11758719150.tcx,4672.0,14.84 km,146 bpm,0:05:15 mins/km,2023-08-10 17:10:43+01:00,74,2023-08-10
activity_11710196649.tcx,3526.0,12.26 km,156 bpm,0:04:48 mins/km,2023-08-04 06:53:23+01:00,67,2023-08-04
activity_8763458874.tcx,2861.0,9.46 km,152 bpm,0:05:02 mins/km,2022-05-05 07:10:06+01:00,49,2022-05-05
activity_12777187131.tcx,6276.0,20.19 km,145 bpm,0:05:11 mins/km,2023-11-18 10:05:11+01:00,102,2023-11-18
activity_10659174112.tcx,3897.0,12.0 km,152 bpm,0:05:25 mins/km,2023-03-09 07:02:26+00:00,58,2023-03-09
activity_11455417770.tcx,2970.0,10.0 km,156 bpm,0:04:57 mins/km,2023-06-30 06:43:27+01:00,53,2023-06-30
activity_9960314982.tcx,3924.0,13.27 km,159 bpm,0:04:56 mins/km,2022-11-12 07:31:58+08:00,71,2022-11-12
activity_9866080868.tcx,2607.0,8.01 km,146 bpm,0:05:25 mins/km,2022-10-27 17:32:57+08:00,39,2022-10-27
activity_11488448304.tcx,4518.0,15.01 km,148 bpm,0:05:01 mins/km,2023-07-04 18:13:30+01:00,90,2023-07-04
activity_9363934036.tcx,1203.0,3.81 km,137 bpm,0:05:15 mins/km,2022-08-08 18:19:47+01:00,19,2022-08-08
activity_10079109116.tcx,5534.0,18.4 km,155 bpm,0:05:01 mins/km,2022-12-04 07:10:07+13:00,96,2022-12-04
activity_12788378554.tcx,2390.0,7.63 km,151 bpm,0:05:13 mins/km,2023-11-19 09:08:24+01:00,38,2023-11-19
activity_9340884166.tcx,3648.0,11.7 km,147 bpm,0:05:12 mins/km,2022-08-05 07:37:22+01:00,59,2022-08-05
activity_9193721274.tcx,2770.0,8.43 km,150 bpm,0:05:29 mins/km,2022-07-13 06:37:48+01:00,40,2022-07-13
activity_10232406471.tcx,3240.0,10.51 km,154 bpm,0:05:08 mins/km,2023-01-03 07:33:54+08:00,53,2023-01-03
activity_12994484831.tcx,4807.0,16.47 km,153 bpm,0:04:52 mins/km,2023-12-05 18:06:11+00:00,95,2023-12-05
activity_8907497072.tcx,1042.0,3.53 km,146 bpm,0:04:55 mins/km,2022-05-28 10:58:42+01:00,19,2022-05-28
activity_9897332047.tcx,1912.0,6.38 km,142 bpm,0:05:00 mins/km,2022-11-01 18:17:59+08:00,41,2022-11-01
activity_8957095291.tcx,4835.0,14.82 km,152 bpm,0:05:26 mins/km,2022-06-05 09:27:15+01:00,71,2022-06-05
activity_11418218919.tcx,2903.0,9.3 km,146 bpm,0:05:12 mins/km,2023-06-25 07:48:37+02:00,47,2023-06-25
activity_11919804121.tcx,3600.0,12.22 km,153 bpm,0:04:55 mins/km,2023-09-01 07:22:13+01:00,65,2023-09-01
activity_10340246090.tcx,2675.0,9.1 km,147 bpm,0:04:54 mins/km,2023-01-19 14:29:34+00:00,49,2023-01-19
activity_10467966163.tcx,2701.0,9.08 km,154 bpm,0:04:58 mins/km,2023-02-08 06:50:04+00:00,48,2023-02-08
activity_9399926780.tcx,5219.0,12.72 km,149 bpm,0:06:50 mins/km,2022-08-14 07:40:30+01:00,50,2022-08-14
activity_11608264444.tcx,3582.0,12.3 km,155 bpm,0:04:51 mins/km,2023-07-21 07:23:59+01:00,66,2023-07-21
activity_10144940478.tcx,1085.0,3.51 km,165 bpm,0:05:09 mins/km,2022-12-17 09:26:47+08:00,18,2022-12-17
activity_10654145097.tcx,1776.0,5.4 km,162 bpm,0:05:29 mins/km,2023-03-08 12:16:13+00:00,26,2023-03-08
activity_13060803111.tcx,1982.0,6.05 km,140 bpm,0:05:28 mins/km,2023-12-11 12:05:09+00:00,29,2023-12-11
activity_12153245712.tcx,2050.0,6.76 km,148 bpm,0:05:03 mins/km,2023-10-02 12:06:46+01:00,35,2023-10-02
activity_10533630698.tcx,3693.0,11.53 km,144 bpm,0:05:20 mins/km,2023-02-18 08:52:47+00:00,56,2023-02-18
activity_10527361967.tcx,3516.0,12.23 km,157 bpm,0:04:48 mins/km,2023-02-17 07:07:19+00:00,67,2023-02-17
activity_11797380035.tcx,4707.0,15.15 km,147 bpm,0:05:11 mins/km,2023-08-15 18:13:55+01:00,91,2023-08-15
activity_9600251290.tcx,1073.0,3.47 km,144 bpm,0:05:09 mins/km,2022-09-13 18:11:52+01:00,18,2022-09-13
activity_9711879224.tcx,3853.0,12.0 km,157 bpm,0:05:21 mins/km,2022-10-02 08:36:07+08:00,59,2022-10-02
activity_12853629628.tcx,4002.0,13.69 km,161 bpm,0:04:52 mins/km,2023-11-24 07:07:58+00:00,73,2023-11-24
activity_11004982868.tcx,4807.0,17.72 km,155 bpm,0:04:31 mins/km,2023-04-29 08:16:18+01:00,103,2023-04-29
activity_9131794945.tcx,5296.0,17.03 km,153 bpm,0:05:11 mins/km,2022-07-03 09:51:06+01:00,86,2022-07-03
activity_10985689404.tcx,1821.0,5.84 km,153 bpm,0:05:12 mins/km,2023-04-26 12:16:43+01:00,29,2023-04-26
activity_12881159922.tcx,6549.0,22.63 km,160 bpm,0:04:49 mins/km,2023-11-26 11:00:27+00:00,123,2023-11-26
activity_10144939813.tcx,1226.0,3.85 km,145 bpm,0:05:18 mins/km,2022-12-17 08:02:19+08:00,19,2022-12-17
activity_10974260523.tcx,4273.0,14.2 km,152 bpm,0:05:01 mins/km,2023-04-24 18:02:56+01:00,82,2023-04-24
activity_10068343120.tcx,2726.0,8.65 km,152 bpm,0:05:15 mins/km,2022-12-02 06:16:34+13:00,43,2022-12-02
activity_9292941773.tcx,2319.0,5.59 km,122 bpm,0:06:55 mins/km,2022-07-28 18:41:11+01:00,33,2022-07-28
activity_10909364523.tcx,2049.0,8.49 km,169 bpm,0:04:01 mins/km,2023-04-15 13:31:07+01:00,55,2023-04-15
activity_11398151358.tcx,4383.0,13.8 km,146 bpm,0:05:18 mins/km,2023-06-22 06:58:55+01:00,68,2023-06-22
activity_8952879701.tcx,1575.0,5.49 km,156 bpm,0:04:47 mins/km,2022-06-04 16:04:54+01:00,30,2022-06-04
activity_11633251568.tcx,2200.0,7.24 km,146 bpm,0:05:04 mins/km,2023-07-24 17:17:10+01:00,37,2023-07-24
activity_13078812137.tcx,4175.0,14.15 km,154 bpm,0:04:55 mins/km,2023-12-12 18:12:06+00:00,81,2023-12-12
activity_12359032017.tcx,4435.0,13.97 km,148 bpm,0:05:17 mins/km,2023-10-17 18:12:07+01:00,79,2023-10-17
activity_10991412474.tcx,4765.0,15.06 km,163 bpm,0:05:16 mins/km,2023-04-27 06:54:31+01:00,75,2023-04-27
activity_12214127973.tcx,1107.0,3.29 km,150 bpm,0:05:36 mins/km,2023-10-07 15:27:44+01:00,15,2023-10-07
activity_11651851898.tcx,4537.0,14.45 km,152 bpm,0:05:14 mins/km,2023-07-27 06:53:29+01:00,72,2023-07-27
activity_9242035936.tcx,2825.0,8.89 km,141 bpm,0:05:18 mins/km,2022-07-20 18:29:19+01:00,44,2022-07-20
activity_10115454793.tcx,5588.0,18.43 km,155 bpm,0:05:03 mins/km,2022-12-11 07:52:05+13:00,95,2022-12-11
activity_10711440887.tcx,3761.0,12.03 km,156 bpm,0:05:13 mins/km,2023-03-17 07:32:28+00:00,60,2023-03-17
activity_11623210997.tcx,5481.0,18.52 km,148 bpm,0:04:56 mins/km,2023-07-23 09:08:45+01:00,98,2023-07-23
activity_8757479174.tcx,3660.0,11.84 km,154 bpm,0:05:09 mins/km,2022-05-04 08:18:59+01:00,60,2022-05-04
activity_11448204310.tcx,4593.0,14.43 km,152 bpm,0:05:18 mins/km,2023-06-29 06:59:58+01:00,71,2023-06-29
activity_11295266911.tcx,4500.0,14.61 km,157 bpm,0:05:08 mins/km,2023-06-08 06:47:43+01:00,74,2023-06-08
activity_9939594779.tcx,1241.0,3.74 km,148 bpm,0:05:32 mins/km,2022-11-08 19:06:32+08:00,18,2022-11-08
activity_10858724662.tcx,4501.0,16.19 km,152 bpm,0:04:38 mins/km,2023-04-08 08:13:23+01:00,92,2023-04-08
activity_9726377117.tcx,565.0,1.63 km,158 bpm,0:05:47 mins/km,2022-10-04 18:45:00+08:00,7,2022-10-04
activity_9918601081.tcx,1155.0,3.66 km,145 bpm,0:05:16 mins/km,2022-11-05 07:32:19+08:00,18,2022-11-05
activity_11543518087.tcx,2178.0,7.14 km,156 bpm,0:05:05 mins/km,2023-07-12 13:07:30+02:00,37,2023-07-12
activity_12742678057.tcx,566.0,1.7 km,140 bpm,0:05:33 mins/km,2023-11-15 14:01:21+00:00,8,2023-11-15
activity_11748183210.tcx,1741.0,5.56 km,147 bpm,0:05:13 mins/km,2023-08-09 12:16:37+01:00,28,2023-08-09
activity_10932683335.tcx,4909.0,15.53 km,153 bpm,0:05:16 mins/km,2023-04-18 18:14:59+01:00,83,2023-04-18
activity_11534577168.tcx,3581.0,11.17 km,154 bpm,0:05:21 mins/km,2023-07-11 09:00:05+02:00,55,2023-07-11
activity_12962160980.tcx,4182.0,12.11 km,148 bpm,0:05:45 mins/km,2023-12-03 07:10:16+00:00,55,2023-12-03
activity_10607480419.tcx,1762.0,6.01 km,150 bpm,0:04:53 mins/km,2023-03-01 12:16:01+00:00,32,2023-03-01
activity_11645989099.tcx,1801.0,5.91 km,159 bpm,0:05:05 mins/km,2023-07-26 12:15:20+01:00,30,2023-07-26
activity_12214122273.tcx,966.0,4.29 km,155 bpm,0:03:45 mins/km,2023-10-07 14:09:20+01:00,30,2023-10-07
activity_10095071714.tcx,3560.0,12.0 km,159 bpm,0:04:57 mins/km,2022-12-07 08:01:14+13:00,63,2022-12-07
activity_10909365868.tcx,1107.0,3.21 km,155 bpm,0:05:45 mins/km,2023-04-15 14:33:22+01:00,15,2023-04-15
activity_9613123455.tcx,4104.0,13.08 km,150 bpm,0:05:14 mins/km,2022-09-15 18:13:11+01:00,68,2022-09-15
activity_8933120548.tcx,2820.0,9.46 km,159 bpm,0:04:58 mins/km,2022-06-01 13:09:30+01:00,50,2022-06-01
activity_10344502330.tcx,3419.0,11.2 km,156 bpm,0:05:05 mins/km,2023-01-20 08:51:33+00:00,58,2023-01-20
activity_10073975528.tcx,3692.0,13.01 km,156 bpm,0:04:44 mins/km,2022-12-03 07:30:29+13:00,73,2022-12-03
activity_11302807455.tcx,3764.0,12.81 km,154 bpm,0:04:54 mins/km,2023-06-09 07:25:40+01:00,69,2023-06-09
activity_9558330060.tcx,3741.0,12.44 km,156 bpm,0:05:01 mins/km,2022-09-07 08:04:35+01:00,67,2022-09-07
activity_10031489907.tcx,3250.0,10.17 km,155 bpm,0:05:20 mins/km,2022-11-25 07:50:47+13:00,50,2022-11-25
activity_9782405213.tcx,1454.0,5.76 km,160 bpm,0:04:12 mins/km,2022-10-13 18:08:15+08:00,36,2022-10-13
activity_9250684860.tcx,3601.0,11.35 km,151 bpm,0:05:17 mins/km,2022-07-22 07:53:03+01:00,56,2022-07-22
activity_9124815729.tcx,4382.0,14.08 km,151 bpm,0:05:11 mins/km,2022-07-02 08:30:55+01:00,73,2022-07-02
activity_10474180110.tcx,3300.0,10.7 km,151 bpm,0:05:08 mins/km,2023-02-09 06:23:33+00:00,54,2023-02-09
activity_9275377596.tcx,3668.0,12.61 km,150 bpm,0:04:51 mins/km,2022-07-26 06:24:20+01:00,70,2022-07-26
activity_10798645974.tcx,4500.0,14.07 km,157 bpm,0:05:20 mins/km,2023-03-30 06:55:56+01:00,69,2023-03-30
activity_8944669852.tcx,1856.0,6.04 km,145 bpm,0:05:08 mins/km,2022-06-03 10:12:07+01:00,31,2022-06-03
activity_11682038146.tcx,1503.0,5.0 km,132 bpm,0:05:01 mins/km,2023-07-31 11:50:57+01:00,26,2023-07-31
activity_11031184156.tcx,5672.0,19.58 km,153 bpm,0:04:50 mins/km,2023-05-02 18:10:09+01:00,114,2023-05-02
activity_9816787542.tcx,3600.0,11.37 km,153 bpm,0:05:17 mins/km,2022-10-19 08:55:22+08:00,56,2022-10-19
activity_9696294717.tcx,1263.0,5.11 km,149 bpm,0:04:07 mins/km,2022-09-29 18:11:51+08:00,33,2022-09-29
activity_11289336625.tcx,1767.0,5.65 km,147 bpm,0:05:13 mins/km,2023-06-07 12:16:03+01:00,28,2023-06-07
activity_11148171146.tcx,3092.0,10.63 km,150 bpm,0:04:51 mins/km,2023-05-19 07:22:44+01:00,57,2023-05-19
activity_12515890825.tcx,6232.0,18.8 km,148 bpm,0:05:32 mins/km,2023-10-29 09:54:34+00:00,89,2023-10-29
activity_10121713048.tcx,1970.0,6.02 km,149 bpm,0:05:27 mins/km,2022-12-12 15:45:42+13:00,29,2022-12-12
activity_10037747756.tcx,1854.0,6.04 km,154 bpm,0:05:07 mins/km,2022-11-26 18:08:19+13:00,31,2022-11-26
activity_9791780212.tcx,1615.0,5.31 km,152 bpm,0:05:04 mins/km,2022-10-15 08:46:47+08:00,30,2022-10-15
activity_8870878437.tcx,5625.0,17.9 km,154 bpm,0:05:14 mins/km,2022-05-22 09:58:25+01:00,89,2022-05-22
activity_10170896373.tcx,1443.0,5.94 km,159 bpm,0:04:03 mins/km,2022-12-22 18:09:51+08:00,38,2022-12-22
activity_12404791953.tcx,3251.0,10.83 km,156 bpm,0:05:00 mins/km,2023-10-21 10:04:29+01:00,57,2023-10-21
activity_12117104964.tcx,1785.0,5.46 km,148 bpm,0:05:27 mins/km,2023-09-27 12:16:14+01:00,26,2023-09-27
activity_10110173417.tcx,3787.0,13.13 km,156 bpm,0:04:48 mins/km,2022-12-10 07:23:17+13:00,72,2022-12-10
activity_11557052255.tcx,3624.0,12.21 km,151 bpm,0:04:57 mins/km,2023-07-14 09:55:37+02:00,64,2023-07-14
activity_10158979872.tcx,3786.0,12.01 km,152 bpm,0:05:15 mins/km,2022-12-20 06:47:59+08:00,60,2022-12-20
activity_11743729853.tcx,1168.0,4.01 km,149 bpm,0:04:51 mins/km,2023-08-08 18:18:13+01:00,22,2023-08-08
activity_11973596229.tcx,4759.0,17.52 km,160 bpm,0:04:32 mins/km,2023-09-08 06:52:04+01:00,102,2023-09-08
activity_10957239115.tcx,7698.0,26.12 km,157 bpm,0:04:55 mins/km,2023-04-22 09:27:36+01:00,139,2023-04-22
activity_12019352686.tcx,2821.0,8.55 km,157 bpm,0:05:30 mins/km,2023-09-14 07:04:31+01:00,41,2023-09-14
activity_11442321805.tcx,1796.0,5.56 km,151 bpm,0:05:23 mins/km,2023-06-28 12:15:33+01:00,27,2023-06-28
activity_11692557526.tcx,4921.0,15.37 km,147 bpm,0:05:20 mins/km,2023-08-01 18:12:01+01:00,88,2023-08-01
activity_10464839839.tcx,3073.0,9.84 km,151 bpm,0:05:12 mins/km,2023-02-07 18:22:18+00:00,53,2023-02-07
activity_12030921504.tcx,1312.0,4.33 km,152 bpm,0:05:03 mins/km,2023-09-15 18:14:49+01:00,22,2023-09-15
activity_10203315503.tcx,3606.0,11.65 km,166 bpm,0:05:10 mins/km,2022-12-29 08:11:06+08:00,59,2022-12-29
activity_10004888466.tcx,1800.0,5.4 km,151 bpm,0:05:33 mins/km,2022-11-20 08:23:15+11:00,25,2022-11-20
activity_11339690503.tcx,2503.0,7.83 km,151 bpm,0:05:20 mins/km,2023-06-14 07:31:53+01:00,38,2023-06-14
activity_12420422045.tcx,5196.0,17.01 km,153 bpm,0:05:05 mins/km,2023-10-22 10:57:16+01:00,87,2023-10-22
activity_9688594138.tcx,3650.0,12.01 km,163 bpm,0:05:04 mins/km,2022-09-28 08:50:59+08:00,62,2022-09-28
activity_10936899444.tcx,1670.0,5.88 km,153 bpm,0:04:44 mins/km,2023-04-19 12:16:10+01:00,32,2023-04-19
activity_9907867620.tcx,4620.0,14.52 km,160 bpm,0:05:18 mins/km,2022-11-03 07:57:17+08:00,72,2022-11-03
activity_9670391316.tcx,3768.0,12.02 km,165 bpm,0:05:13 mins/km,2022-09-25 11:45:24+08:00,60,2022-09-25
activity_11430969913.tcx,2172.0,7.39 km,152 bpm,0:04:54 mins/km,2023-06-26 20:37:35+01:00,39,2023-06-26
activity_9954919720.tcx,1915.0,6.12 km,154 bpm,0:05:13 mins/km,2022-11-11 09:08:34+08:00,31,2022-11-11
activity_11778606850.tcx,5553.0,17.51 km,144 bpm,0:05:17 mins/km,2023-08-13 09:25:29+01:00,86,2023-08-13
activity_11086080411.tcx,1764.0,5.82 km,153 bpm,0:05:03 mins/km,2023-05-10 12:16:25+01:00,30,2023-05-10
activity_9380827558.tcx,4247.0,12.94 km,150 bpm,0:05:28 mins/km,2022-08-11 07:30:56+01:00,62,2022-08-11
activity_9292942593.tcx,854.0,2.79 km,140 bpm,0:05:07 mins/km,2022-07-28 19:26:07+01:00,14,2022-07-28
activity_10706466554.tcx,4205.0,13.38 km,159 bpm,0:05:14 mins/km,2023-03-16 12:22:43+00:00,67,2023-03-16
activity_8927366202.tcx,1026.0,3.49 km,139 bpm,0:04:54 mins/km,2022-05-31 14:43:39+01:00,19,2022-05-31
activity_9977496425.tcx,2747.0,8.0 km,150 bpm,0:05:43 mins/km,2022-11-15 07:28:23+11:00,37,2022-11-15
activity_13036033186.tcx,6506.0,22.11 km,156 bpm,0:04:54 mins/km,2023-12-09 08:48:54+00:00,118,2023-12-09
activity_11370104923.tcx,1287.0,4.34 km,153 bpm,0:04:57 mins/km,2023-06-18 08:52:22+01:00,23,2023-06-18
activity_10130939934.tcx,2876.0,9.25 km,159 bpm,0:05:11 mins/km,2022-12-14 06:42:18+08:00,47,2022-12-14
activity_10277906984.tcx,2872.0,9.2 km,151 bpm,0:05:12 mins/km,2023-01-10 07:23:53+08:00,46,2023-01-10
activity_9577664590.tcx,1477.0,6.01 km,120 bpm,0:04:06 mins/km,2022-09-10 11:36:42+01:00,38,2022-09-10
activity_10247645058.tcx,3601.0,12.94 km,160 bpm,0:04:38 mins/km,2023-01-05 17:31:36+08:00,74,2023-01-05
activity_9748668845.tcx,1142.0,3.55 km,151 bpm,0:05:21 mins/km,2022-10-08 07:34:57+08:00,17,2022-10-08
activity_11370108116.tcx,559.0,1.83 km,149 bpm,0:05:06 mins/km,2023-06-18 10:33:58+01:00,9,2023-06-18
activity_9755207439.tcx,5155.0,16.56 km,158 bpm,0:05:11 mins/km,2022-10-09 08:36:55+08:00,83,2022-10-09
activity_10220552691.tcx,5400.0,17.05 km,149 bpm,0:05:17 mins/km,2023-01-01 08:25:34+08:00,85,2023-01-01
activity_9424657878.tcx,2825.0,9.0 km,151 bpm,0:05:14 mins/km,2022-08-17 19:00:37+01:00,45,2022-08-17
activity_9705909374.tcx,777.0,2.41 km,152 bpm,0:05:23 mins/km,2022-10-01 09:39:31+08:00,12,2022-10-01
activity_10916263358.tcx,5421.0,18.13 km,146 bpm,0:04:59 mins/km,2023-04-16 12:12:38+01:00,95,2023-04-16
activity_8783065161.tcx,4279.0,14.35 km,150 bpm,0:04:58 mins/km,2022-05-08 11:28:11+01:00,76,2022-05-08
activity_9169446150.tcx,3647.0,12.3 km,152 bpm,0:04:57 mins/km,2022-07-09 11:13:32+01:00,65,2022-07-09
activity_11192023059.tcx,2815.0,9.03 km,151 bpm,0:05:12 mins/km,2023-05-25 07:28:56+01:00,45,2023-05-25
activity_11571407772.tcx,411.0,1.34 km,141 bpm,0:05:07 mins/km,2023-07-16 10:37:01+01:00,7,2023-07-16
activity_10186647218.tcx,3741.0,12.22 km,157 bpm,0:05:06 mins/km,2022-12-26 09:05:48+08:00,63,2022-12-26
activity_8802512330.tcx,2829.0,9.29 km,156 bpm,0:05:05 mins/km,2022-05-11 12:56:33+01:00,48,2022-05-11
activity_11251007528.tcx,4021.0,12.87 km,156 bpm,0:05:12 mins/km,2023-06-02 07:41:48+01:00,65,2023-06-02
activity_11868751097.tcx,4201.0,11.08 km,154 bpm,0:06:19 mins/km,2023-08-25 07:13:13+01:00,46,2023-08-25
activity_10252004402.tcx,3619.0,11.8 km,157 bpm,0:05:07 mins/km,2023-01-06 07:42:15+08:00,60,2023-01-06
activity_10225881088.tcx,1819.0,6.01 km,155 bpm,0:05:03 mins/km,2023-01-02 08:48:37+08:00,31,2023-01-02
activity_11186133049.tcx,1946.0,5.34 km,138 bpm,0:06:04 mins/km,2023-05-24 12:16:28+01:00,23,2023-05-24
activity_9060786482.tcx,923.0,2.89 km,163 bpm,0:05:20 mins/km,2022-06-21 19:30:24+01:00,14,2022-06-21
activity_10177641656.tcx,5284.0,18.49 km,153 bpm,0:04:46 mins/km,2022-12-24 06:48:22+08:00,105,2022-12-24
activity_8838641155.tcx,5356.0,17.27 km,158 bpm,0:05:10 mins/km,2022-05-17 07:03:43+01:00,87,2022-05-17
activity_10820533434.tcx,1280.0,4.0 km,146 bpm,0:05:20 mins/km,2023-04-02 14:47:15+01:00,20,2023-04-02
activity_8927367737.tcx,1381.0,4.97 km,137 bpm,0:04:38 mins/km,2022-05-31 15:09:21+01:00,32,2022-05-31
activity_13023243050.tcx,4879.0,15.09 km,137 bpm,0:05:23 mins/km,2023-12-08 07:08:43+00:00,73,2023-12-08
activity_11354391753.tcx,2900.0,10.13 km,156 bpm,0:04:46 mins/km,2023-06-16 07:25:37+01:00,55,2023-06-16
activity_9256776215.tcx,3524.0,12.67 km,153 bpm,0:04:38 mins/km,2022-07-23 08:36:25+01:00,72,2022-07-23
activity_9577808122.tcx,1154.0,3.61 km,151 bpm,0:05:20 mins/km,2022-09-10 12:05:08+01:00,18,2022-09-10
activity_9073535535.tcx,3783.0,11.86 km,143 bpm,0:05:19 mins/km,2022-06-23 18:06:11+01:00,64,2022-06-23
activity_10182389658.tcx,1871.0,6.27 km,157 bpm,0:04:58 mins/km,2022-12-25 08:14:37+08:00,33,2022-12-25
activity_9060785438.tcx,1782.0,5.78 km,150 bpm,0:05:08 mins/km,2022-06-21 18:43:42+01:00,39,2022-06-21
activity_10726502658.tcx,7274.0,23.6 km,154 bpm,0:05:08 mins/km,2023-03-19 10:19:36+00:00,120,2023-03-19
activity_12092252045.tcx,6202.0,20.36 km,154 bpm,0:05:05 mins/km,2023-09-24 06:34:55+02:00,105,2023-09-24
activity_12031077359.tcx,1450.0,4.31 km,148 bpm,0:05:36 mins/km,2023-09-15 19:42:09+01:00,20,2023-09-15
activity_9146597702.tcx,1094.0,3.66 km,149 bpm,0:04:59 mins/km,2022-07-05 18:09:12+01:00,19,2022-07-05
activity_11243637259.tcx,3877.0,12.16 km,152 bpm,0:05:19 mins/km,2023-06-01 06:49:36+01:00,60,2023-06-01
activity_9565584810.tcx,4622.0,14.32 km,155 bpm,0:05:23 mins/km,2022-09-08 10:35:05+01:00,70,2022-09-08
activity_12556190543.tcx,1766.0,5.98 km,150 bpm,0:04:55 mins/km,2023-11-01 12:16:19+00:00,32,2023-11-01
activity_9032158256.tcx,2749.0,8.89 km,154 bpm,0:05:09 mins/km,2022-06-17 06:50:26+01:00,45,2022-06-17
activity_8835621932.tcx,2872.0,9.32 km,137 bpm,0:05:08 mins/km,2022-05-16 17:54:10+01:00,47,2022-05-16
activity_8794886062.tcx,3195.0,11.09 km,155 bpm,0:04:48 mins/km,2022-05-10 10:04:05+01:00,61,2022-05-10
activity_10214327026.tcx,3583.0,13.06 km,159 bpm,0:04:34 mins/km,2022-12-31 07:26:41+08:00,75,2022-12-31
activity_9301525598.tcx,5401.0,17.31 km,151 bpm,0:05:12 mins/km,2022-07-30 08:04:57+01:00,87,2022-07-30
activity_12724146841.tcx,4755.0,15.1 km,153 bpm,0:05:15 mins/km,2023-11-14 06:45:18+00:00,75,2023-11-14
activity_12458864608.tcx,2105.0,7.1 km,153 bpm,0:04:57 mins/km,2023-10-25 07:14:01+01:00,38,2023-10-25
activity_11336557920.tcx,3846.0,12.32 km,140 bpm,0:05:12 mins/km,2023-06-13 18:08:50+01:00,70,2023-06-13
activity_11831235994.tcx,3200.0,10.56 km,155 bpm,0:05:03 mins/km,2023-08-20 09:36:11+01:00,55,2023-08-20
activity_11050676040.tcx,5086.0,18.43 km,159 bpm,0:04:36 mins/km,2023-05-05 12:15:48+01:00,105,2023-05-05
activity_11228670123.tcx,3024.0,9.03 km,155 bpm,0:05:35 mins/km,2023-05-30 08:06:25+01:00,42,2023-05-30
activity_9038423489.tcx,2959.0,10.25 km,152 bpm,0:04:49 mins/km,2022-06-18 08:38:18+01:00,56,2022-06-18
activity_12480721795.tcx,4288.0,15.38 km,162 bpm,0:04:39 mins/km,2023-10-26 18:36:20+01:00,88,2023-10-26
activity_11571308382.tcx,1211.0,5.17 km,147 bpm,0:03:54 mins/km,2023-07-16 10:04:07+01:00,35,2023-07-16
activity_10149704709.tcx,5291.0,16.36 km,155 bpm,0:05:23 mins/km,2022-12-18 07:08:43+08:00,79,2022-12-18
activity_9263961171.tcx,4895.0,16.66 km,156 bpm,0:04:54 mins/km,2022-07-24 09:16:54+01:00,89,2022-07-24
activity_10125255490.tcx,4545.0,15.01 km,161 bpm,0:05:03 mins/km,2022-12-13 07:53:52+13:00,78,2022-12-13
activity_10772480750.tcx,6249.0,19.68 km,152 bpm,0:05:18 mins/km,2023-03-26 08:58:02+01:00,97,2023-03-26
activity_9244334983.tcx,2019.0,6.41 km,148 bpm,0:05:15 mins/km,2022-07-21 07:03:09+01:00,32,2022-07-21
activity_12065738656.tcx,1806.0,5.98 km,155 bpm,0:05:02 mins/km,2023-09-20 12:10:59+01:00,31,2023-09-20
activity_9918768479.tcx,1240.0,4.02 km,158 bpm,0:05:08 mins/km,2022-11-05 08:31:21+08:00,20,2022-11-05
activity_9190657407.tcx,1143.0,3.56 km,136 bpm,0:05:21 mins/km,2022-07-12 18:02:30+01:00,17,2022-07-12
activity_12041669205.tcx,710.0,2.26 km,150 bpm,0:05:14 mins/km,2023-09-17 09:23:47+01:00,11,2023-09-17
activity_10825956006.tcx,4545.0,15.01 km,146 bpm,0:05:03 mins/km,2023-04-03 07:32:38+01:00,78,2023-04-03
activity_9007228508.tcx,3795.0,12.34 km,149 bpm,0:05:08 mins/km,2022-06-13 08:53:31+01:00,63,2022-06-13
activity_10515533099.tcx,1732.0,5.89 km,150 bpm,0:04:54 mins/km,2023-02-15 12:16:05+00:00,32,2023-02-15
activity_10440751763.tcx,3640.0,12.92 km,153 bpm,0:04:42 mins/km,2023-02-04 08:32:35+00:00,73,2023-02-04
activity_8969944239.tcx,998.0,3.23 km,153 bpm,0:05:09 mins/km,2022-06-07 10:16:07+01:00,16,2022-06-07
activity_12687157811.tcx,1178.0,3.6 km,154 bpm,0:05:28 mins/km,2023-11-11 11:51:43+00:00,17,2023-11-11
activity_10041723060.tcx,2745.0,8.75 km,156 bpm,0:05:14 mins/km,2022-11-27 07:31:47+13:00,44,2022-11-27
activity_8733256848.tcx,1228.0,4.06 km,165 bpm,0:05:03 mins/km,2022-04-30 12:36:52+01:00,21,2022-04-30
activity_10558180541.tcx,4614.0,15.5 km,147 bpm,0:04:58 mins/km,2023-02-21 18:08:18+00:00,87,2023-02-21
activity_10499249348.tcx,2027.0,6.5 km,149 bpm,0:05:12 mins/km,2023-02-12 17:17:03+00:00,33,2023-02-12
activity_9486283627.tcx,2910.0,9.43 km,155 bpm,0:05:09 mins/km,2022-08-27 10:08:24+01:00,48,2022-08-27
activity_11312822440.tcx,4875.0,16.06 km,151 bpm,0:05:03 mins/km,2023-06-10 14:10:54+01:00,83,2023-06-10
activity_10839976536.tcx,1818.0,5.8 km,148 bpm,0:05:13 mins/km,2023-04-05 12:15:12+01:00,29,2023-04-05
